3.0000,-1.5760
3.0050,-1.5730
3.0100,-1.5700
3.0150,-1.5660
3.0200,-1.5620
3.0250,-1.5580
3.0300,-1.5540
3.0350,-1.5500
3.0400,-1.5460
3.0450,-1.5420
3.0500,-1.5380
3.0550,-1.5350
3.0600,-1.5320
3.0650,-1.5290
3.0700,-1.5270
3.0750,-1.5260
3.0800,-1.5250
3.0850,-1.5250
3.0900,-1.5260
3.0950,-1.5270
3.1000,-1.5290
3.1050,-1.5310
3.1100,-1.5350
3.1150,-1.5380
3.1200,-1.5430
3.1250,-1.5470
3.1300,-1.5520
3.1350,-1.5580
3.1400,-1.5630
3.1450,-1.5690
3.1500,-1.5750
3.1550,-1.5810
3.1600,-1.5860
3.1650,-1.5920
3.1700,-1.5970
3.1750,-1.6010
3.1800,-1.6050
3.1850,-1.6090
3.1900,-1.6120
3.1950,-1.6140
3.2000,-1.6160
3.2050,-1.6170
3.2100,-1.6180
3.2150,-1.6170
3.2200,-1.6170
3.2250,-1.6150
3.2300,-1.6130
3.2350,-1.6110
3.2400,-1.6080
3.2450,-1.6050
3.2500,-1.6010
3.2550,-1.5980
3.2600,-1.5940
3.2650,-1.5900
3.2700,-1.5860
3.2750,-1.5830
3.2800,-1.5800
3.2850,-1.5770
3.2900,-1.5740
3.2950,-1.5720
3.3000,-1.5700
3.3050,-1.5690
3.3100,-1.5690
3.3150,-1.5690
3.3200,-1.5700
3.3250,-1.5710
3.3300,-1.5730
3.3350,-1.5760
3.3400,-1.5790
3.3450,-1.5830
3.3500,-1.5870
3.3550,-1.5920
3.3600,-1.5960
3.3650,-1.6010
3.3700,-1.6070
3.3750,-1.6120
3.3800,-1.6170
3.3850,-1.6220
3.3900,-1.6270
3.3950,-1.6320
3.4000,-1.6360
3.4050,-1.6400
3.4100,-1.6440
3.4150,-1.6470
3.4200,-1.6490
3.4250,-1.6510
3.4300,-1.6520
3.4350,-1.6520
3.4400,-1.6520
3.4450,-1.6510
3.4500,-1.6500
3.4550,-1.6480
3.4600,-1.6450
3.4650,-1.6420
3.4700,-1.6390
3.4750,-1.6350
3.4800,-1.6310
3.4850,-1.6270
3.4900,-1.6230
3.4950,-1.6190
3.5000,-1.6150
3.5050,-1.6110
3.5100,-1.6070
3.5150,-1.6040
3.5200,-1.6010
3.5250,-1.5990
3.5300,-1.5970
3.5350,-1.5960
3.5400,-1.5950
3.5450,-1.5950
3.5500,-1.5960
3.5550,-1.5970
3.5600,-1.5980
3.5650,-1.6000
3.5700,-1.6030
3.5750,-1.6060
3.5800,-1.6090
3.5850,-1.6130
3.5900,-1.6170
3.5950,-1.6210
3.6000,-1.6260
3.6050,-1.6300
3.6100,-1.6340
3.6150,-1.6380
3.6200,-1.6420
3.6250,-1.6450
3.6300,-1.6480
3.6350,-1.6510
3.6400,-1.6530
3.6450,-1.6540
3.6500,-1.6550
3.6550,-1.6560
3.6600,-1.6550
3.6650,-1.6540
3.6700,-1.6530
3.6750,-1.6510
3.6800,-1.6480
3.6850,-1.6450
3.6900,-1.6410
3.6950,-1.6370
3.7000,-1.6320
3.7050,-1.6280
3.7100,-1.6230
3.7150,-1.6180
3.7200,-1.6130
3.7250,-1.6080
3.7300,-1.6040
3.7350,-1.5990
3.7400,-1.5950
3.7450,-1.5910
3.7500,-1.5880
3.7550,-1.5850
3.7600,-1.5830
3.7650,-1.5810
3.7700,-1.5790
3.7750,-1.5790
3.7800,-1.5780
3.7850,-1.5790
3.7900,-1.5800
3.7950,-1.5810
3.8000,-1.5830
3.8050,-1.5850
3.8100,-1.5870
3.8150,-1.5900
3.8200,-1.5930
3.8250,-1.5960
3.8300,-1.5990
3.8350,-1.6020
3.8400,-1.6050
3.8450,-1.6070
3.8500,-1.6100
3.8550,-1.6120
3.8600,-1.6130
3.8650,-1.6140
3.8700,-1.6140
3.8750,-1.6140
3.8800,-1.6140
3.8850,-1.6120
3.8900,-1.6110
3.8950,-1.6080
3.9000,-1.6050
3.9050,-1.6020
3.9100,-1.5970
3.9150,-1.5930
3.9200,-1.5880
3.9250,-1.5830
3.9300,-1.5770
3.9350,-1.5720
3.9400,-1.5660
3.9450,-1.5600
3.9500,-1.5550
3.9550,-1.5490
3.9600,-1.5440
3.9650,-1.5390
3.9700,-1.5340
3.9750,-1.5300
3.9800,-1.5260
3.9850,-1.5230
3.9900,-1.5200
3.9950,-1.5180
4.0000,-1.5160
4.0050,-1.5150
4.0100,-1.5150
4.0150,-1.5140
4.0200,-1.5150
4.0250,-1.5160
4.0300,-1.5170
4.0350,-1.5180
4.0400,-1.5200
4.0450,-1.5220
4.0500,-1.5240
4.0550,-1.5260
4.0600,-1.5280
4.0650,-1.5300
4.0700,-1.5320
4.0750,-1.5330
4.0800,-1.5340
4.0850,-1.5350
4.0900,-1.5350
4.0950,-1.5350
4.1000,-1.5340
4.1050,-1.5330
4.1100,-1.5310
4.1150,-1.5280
4.1200,-1.5250
4.1250,-1.5220
4.1300,-1.5180
4.1350,-1.5130
4.1400,-1.5080
4.1450,-1.5030
4.1500,-1.4970
4.1550,-1.4910
4.1600,-1.4850
4.1650,-1.4790
4.1700,-1.4730
4.1750,-1.4670
4.1800,-1.4620
4.1850,-1.4560
4.1900,-1.4510
4.1950,-1.4460
4.2000,-1.4410
4.2050,-1.4370
4.2100,-1.4340
4.2150,-1.4310
4.2200,-1.4280
4.2250,-1.4260
4.2300,-1.4250
4.2350,-1.4240
4.2400,-1.4240
4.2450,-1.4240
4.2500,-1.4240
4.2550,-1.4250
4.2600,-1.4270
4.2650,-1.4280
4.2700,-1.4300
4.2750,-1.4320
4.2800,-1.4340
4.2850,-1.4360
4.2900,-1.4380
4.2950,-1.4390
4.3000,-1.4400
4.3050,-1.4410
4.3100,-1.4420
4.3150,-1.4420
4.3200,-1.4420
4.3250,-1.4410
4.3300,-1.4400
4.3350,-1.4380
4.3400,-1.4360
4.3450,-1.4330
4.3500,-1.4300
4.3550,-1.4260
4.3600,-1.4220
4.3650,-1.4170
4.3700,-1.4120
4.3750,-1.4070
4.3800,-1.4020
4.3850,-1.3960
4.3900,-1.3910
4.3950,-1.3850
4.4000,-1.3800
4.4050,-1.3750
4.4100,-1.3700
4.4150,-1.3650
4.4200,-1.3610
4.4250,-1.3570
4.4300,-1.3540
4.4350,-1.3510
4.4400,-1.3490
4.4450,-1.3470
4.4500,-1.3460
4.4550,-1.3460
4.4600,-1.3460
4.4650,-1.3470
4.4700,-1.3480
4.4750,-1.3490
4.4800,-1.3510
4.4850,-1.3540
4.4900,-1.3560
4.4950,-1.3590
4.5000,-1.3620
4.5050,-1.3650
4.5100,-1.3680
4.5150,-1.3710
4.5200,-1.3740
4.5250,-1.3770
4.5300,-1.3790
4.5350,-1.3810
4.5400,-1.3820
4.5450,-1.3830
4.5500,-1.3840
4.5550,-1.3840
4.5600,-1.3840
4.5650,-1.3830
4.5700,-1.3810
4.5750,-1.3800
4.5800,-1.3770
4.5850,-1.3750
4.5900,-1.3720
4.5950,-1.3690
4.6000,-1.3650
4.6050,-1.3620
4.6100,-1.3580
4.6150,-1.3540
4.6200,-1.3510
4.6250,-1.3480
4.6300,-1.3450
4.6350,-1.3420
4.6400,-1.3400
4.6450,-1.3380
4.6500,-1.3370
4.6550,-1.3360
4.6600,-1.3360
4.6650,-1.3370
4.6700,-1.3380
4.6750,-1.3400
4.6800,-1.3420
4.6850,-1.3450
4.6900,-1.3490
4.6950,-1.3530
4.7000,-1.3580
4.7050,-1.3640
4.7100,-1.3690
4.7150,-1.3750
4.7200,-1.3820
4.7250,-1.3880
4.7300,-1.3950
4.7350,-1.4020
4.7400,-1.4090
4.7450,-1.4150
4.7500,-1.4220
4.7550,-1.4280
4.7600,-1.4340
4.7650,-1.4400
4.7700,-1.4450
4.7750,-1.4500
4.7800,-1.4540
4.7850,-1.4580
4.7900,-1.4620
4.7950,-1.4650
4.8000,-1.4680
4.8050,-1.4700
4.8100,-1.4730
4.8150,-1.4750
4.8200,-1.4770
4.8250,-1.4790
4.8300,-1.4810
4.8350,-1.4830
4.8400,-1.4850
4.8450,-1.4870
4.8500,-1.4900
4.8550,-1.4940
4.8600,-1.4980
4.8650,-1.5020
4.8700,-1.5070
4.8750,-1.5130
4.8800,-1.5200
4.8850,-1.5280
4.8900,-1.5370
4.8950,-1.5460
4.9000,-1.5560
4.9050,-1.5680
4.9100,-1.5800
4.9150,-1.5930
4.9200,-1.6070
4.9250,-1.6220
4.9300,-1.6380
4.9350,-1.6540
4.9400,-1.6710
4.9450,-1.6890
4.9500,-1.7070
4.9550,-1.7260
4.9600,-1.7450
4.9650,-1.7650
4.9700,-1.7840
4.9750,-1.8040
4.9800,-1.8240
4.9850,-1.8440
4.9900,-1.8650
4.9950,-1.8850
5.0000,-1.9050
5.0050,-1.9260
5.0100,-1.9460
5.0150,-1.9670
5.0200,-1.9870
5.0250,-2.0080
5.0300,-2.0290
5.0350,-2.0510
5.0400,-2.0730
5.0450,-2.0950
5.0500,-2.1180
5.0550,-2.1420
5.0600,-2.1670
5.0650,-2.1930
5.0700,-2.2200
5.0750,-2.2480
5.0800,-2.2780
5.0850,-2.3090
5.0900,-2.3420
5.0950,-2.3770
5.1000,-2.4140
5.1050,-2.4530
5.1100,-2.4940
5.1150,-2.5380
5.1200,-2.5840
5.1250,-2.6330
5.1300,-2.6840
5.1350,-2.7380
5.1400,-2.7950
5.1450,-2.8550
5.1500,-2.9170
5.1550,-2.9830
5.1600,-3.0520
5.1650,-3.1240
5.1700,-3.1990
5.1750,-3.2770
5.1800,-3.3590
5.1850,-3.4440
5.1900,-3.5320
5.1950,-3.6240
5.2000,-3.7200
5.2050,-3.8200
5.2100,-3.9230
5.2150,-4.0310
5.2200,-4.1430
5.2250,-4.2590
5.2300,-4.3800
5.2350,-4.5050
5.2400,-4.6370
5.2450,-4.7730
5.2500,-4.9160
5.2550,-5.0650
5.2600,-5.2200
5.2650,-5.3830
5.2700,-5.5540
5.2750,-5.7330
5.2800,-5.9210
5.2850,-6.1190
5.2900,-6.3270
5.2950,-6.5470
5.3000,-6.7790
5.3050,-7.0240
5.3100,-7.2830
5.3150,-7.5580
5.3200,-7.8500
5.3250,-8.1600
5.3300,-8.4890
5.3350,-8.8400
5.3400,-9.2150
5.3450,-9.6150
5.3500,-10.0430
5.3550,-10.5010
5.3600,-10.9930
5.3650,-11.5220
5.3700,-12.0920
5.3750,-12.7060
5.3800,-13.3680
5.3850,-14.0830
5.3900,-14.8540
5.3950,-15.6820
5.4000,-16.5650
5.4050,-17.4900
5.4100,-18.4300
5.4150,-19.3290
5.4200,-20.0930
5.4250,-20.5970
5.4300,-20.7280
5.4350,-20.4520
5.4400,-19.8410
5.4450,-19.0220
5.4500,-18.1100
5.4550,-17.1840
5.4600,-16.2860
5.4650,-15.4370
5.4700,-14.6460
5.4750,-13.9120
5.4800,-13.2330
5.4850,-12.6070
5.4900,-12.0280
5.4950,-11.4940
5.5000,-10.9990
5.5050,-10.5410
5.5100,-10.1160
5.5150,-9.7220
5.5200,-9.3570
5.5250,-9.0160
5.5300,-8.7000
5.5350,-8.4060
5.5400,-8.1310
5.5450,-7.8750
5.5500,-7.6370
5.5550,-7.4140
5.5600,-7.2060
5.5650,-7.0110
5.5700,-6.8290
5.5750,-6.6580
5.5800,-6.4980
5.5850,-6.3470
5.5900,-6.2050
5.5950,-6.0710
5.6000,-5.9450
5.6050,-5.8260
5.6100,-5.7130
5.6150,-5.6060
5.6200,-5.5050
5.6250,-5.4080
5.6300,-5.3160
5.6350,-5.2290
5.6400,-5.1460
5.6450,-5.0680
5.6500,-4.9940
5.6550,-4.9240
5.6600,-4.8590
5.6650,-4.7980
5.6700,-4.7420
5.6750,-4.6910
5.6800,-4.6450
5.6850,-4.6050
5.6900,-4.5710
5.6950,-4.5440
5.7000,-4.5240
5.7050,-4.5110
5.7100,-4.5060
5.7150,-4.5090
5.7200,-4.5220
5.7250,-4.5440
5.7300,-4.5770
5.7350,-4.6200
5.7400,-4.6750
5.7450,-4.7430
5.7500,-4.8230
5.7550,-4.9180
5.7600,-5.0270
5.7650,-5.1520
5.7700,-5.2930
5.7750,-5.4520
5.7800,-5.6300
5.7850,-5.8280
5.7900,-6.0470
5.7950,-6.2900
5.8000,-6.5570
5.8050,-6.8500
5.8100,-7.1720
5.8150,-7.5260
5.8200,-7.9130
5.8250,-8.3380
5.8300,-8.8040
5.8350,-9.3150
5.8400,-9.8770
5.8450,-10.4950
5.8500,-11.1770
5.8550,-11.9300
5.8600,-12.7630
5.8650,-13.6840
5.8700,-14.7000
5.8750,-15.8090
5.8800,-16.9880
5.8850,-18.1680
5.8900,-19.1950
5.8950,-19.8140
5.9000,-19.7900
5.9050,-19.1220
5.9100,-18.0450
5.9150,-16.8140
5.9200,-15.5830
5.9250,-14.4220
5.9300,-13.3540
5.9350,-12.3810
5.9400,-11.4960
5.9450,-10.6900
5.9500,-9.9570
5.9550,-9.2860
5.9600,-8.6730
5.9650,-8.1090
5.9700,-7.5920
5.9750,-7.1150
5.9800,-6.6750
5.9850,-6.2690
5.9900,-5.8940
5.9950,-5.5470
6.0000,-5.2270
6.0050,-4.9310
6.0100,-4.6570
6.0150,-4.4040
6.0200,-4.1700
6.0250,-3.9550
6.0300,-3.7560
6.0350,-3.5730
6.0400,-3.4050
6.0450,-3.2500
6.0500,-3.1080
6.0550,-2.9780
6.0600,-2.8590
6.0650,-2.7500
6.0700,-2.6500
6.0750,-2.5590
6.0800,-2.4760
6.0850,-2.4000
6.0900,-2.3310
6.0950,-2.2670
6.1000,-2.2090
6.1050,-2.1550
6.1100,-2.1050
6.1150,-2.0590
6.1200,-2.0160
6.1250,-1.9750
6.1300,-1.9370
6.1350,-1.9000
6.1400,-1.8640
6.1450,-1.8290
6.1500,-1.7950
6.1550,-1.7620
6.1600,-1.7280
6.1650,-1.6950
6.1700,-1.6620
6.1750,-1.6280
6.1800,-1.5950
6.1850,-1.5610
6.1900,-1.5270
6.1950,-1.4940
6.2000,-1.4600
6.2050,-1.4270
6.2100,-1.3940
6.2150,-1.3610
6.2200,-1.3290
6.2250,-1.2980
6.2300,-1.2680
6.2350,-1.2390
6.2400,-1.2110
6.2450,-1.1840
6.2500,-1.1590
6.2550,-1.1350
6.2600,-1.1120
6.2650,-1.0920
6.2700,-1.0720
6.2750,-1.0550
6.2800,-1.0390
6.2850,-1.0240
6.2900,-1.0110
6.2950,-1.0000
6.3000,-0.9900
6.3050,-0.9810
6.3100,-0.9730
6.3150,-0.9660
6.3200,-0.9600
6.3250,-0.9540
6.3300,-0.9500
6.3350,-0.9450
6.3400,-0.9410
6.3450,-0.9370
6.3500,-0.9330
6.3550,-0.9290
6.3600,-0.9240
6.3650,-0.9190
6.3700,-0.9140
6.3750,-0.9080
6.3800,-0.9020
6.3850,-0.8950
6.3900,-0.8870
6.3950,-0.8790
6.4000,-0.8700
6.4050,-0.8610
6.4100,-0.8510
6.4150,-0.8400
6.4200,-0.8300
6.4250,-0.8180
6.4300,-0.8070
6.4350,-0.7960
6.4400,-0.7850
6.4450,-0.7730
6.4500,-0.7620
6.4550,-0.7520
6.4600,-0.7420
6.4650,-0.7320
6.4700,-0.7230
6.4750,-0.7140
6.4800,-0.7060
6.4850,-0.6990
6.4900,-0.6920
6.4950,-0.6870
6.5000,-0.6820
6.5050,-0.6780
6.5100,-0.6740
6.5150,-0.6710
6.5200,-0.6690
6.5250,-0.6680
6.5300,-0.6660
6.5350,-0.6660
6.5400,-0.6650
6.5450,-0.6650
6.5500,-0.6660
6.5550,-0.6660
6.5600,-0.6660
6.5650,-0.6660
6.5700,-0.6660
6.5750,-0.6660
6.5800,-0.6650
6.5850,-0.6640
6.5900,-0.6630
6.5950,-0.6610
6.6000,-0.6590
6.6050,-0.6560
6.6100,-0.6530
6.6150,-0.6490
6.6200,-0.6450
6.6250,-0.6400
6.6300,-0.6350
6.6350,-0.6300
6.6400,-0.6240
6.6450,-0.6180
6.6500,-0.6120
6.6550,-0.6060
6.6600,-0.6000
6.6650,-0.5950
6.6700,-0.5890
6.6750,-0.5830
6.6800,-0.5780
6.6850,-0.5730
6.6900,-0.5690
6.6950,-0.5650
6.7000,-0.5610
6.7050,-0.5580
6.7100,-0.5550
6.7150,-0.5530
6.7200,-0.5520
6.7250,-0.5500
6.7300,-0.5500
6.7350,-0.5500
6.7400,-0.5500
6.7450,-0.5500
6.7500,-0.5510
6.7550,-0.5520
6.7600,-0.5530
6.7650,-0.5550
6.7700,-0.5560
6.7750,-0.5570
6.7800,-0.5590
6.7850,-0.5600
6.7900,-0.5610
6.7950,-0.5610
6.8000,-0.5620
6.8050,-0.5620
6.8100,-0.5620
6.8150,-0.5610
6.8200,-0.5600
6.8250,-0.5580
6.8300,-0.5570
6.8350,-0.5550
6.8400,-0.5520
6.8450,-0.5490
6.8500,-0.5460
6.8550,-0.5430
6.8600,-0.5400
6.8650,-0.5360
6.8700,-0.5330
6.8750,-0.5290
6.8800,-0.5260
6.8850,-0.5220
6.8900,-0.5190
6.8950,-0.5160
6.9000,-0.5130
6.9050,-0.5110
6.9100,-0.5090
6.9150,-0.5070
6.9200,-0.5060
6.9250,-0.5050
6.9300,-0.5040
6.9350,-0.5040
6.9400,-0.5040
6.9450,-0.5050
6.9500,-0.5050
6.9550,-0.5070
6.9600,-0.5080
6.9650,-0.5100
6.9700,-0.5110
6.9750,-0.5130
6.9800,-0.5150
6.9850,-0.5170
6.9900,-0.5190
6.9950,-0.5210
7.0000,-0.5230
7.0050,-0.5250
7.0100,-0.5260
7.0150,-0.5270
7.0200,-0.5280
7.0250,-0.5290
7.0300,-0.5290
7.0350,-0.5290
7.0400,-0.5290
7.0450,-0.5290
7.0500,-0.5280
7.0550,-0.5270
7.0600,-0.5250
7.0650,-0.5240
7.0700,-0.5220
7.0750,-0.5200
7.0800,-0.5190
7.0850,-0.5170
7.0900,-0.5150
7.0950,-0.5130
7.1000,-0.5110
7.1050,-0.5100
7.1100,-0.5090
7.1150,-0.5070
7.1200,-0.5070
7.1250,-0.5060
7.1300,-0.5060
7.1350,-0.5060
7.1400,-0.5060
7.1450,-0.5070
7.1500,-0.5080
7.1550,-0.5100
7.1600,-0.5110
7.1650,-0.5130
7.1700,-0.5160
7.1750,-0.5180
7.1800,-0.5210
7.1850,-0.5240
7.1900,-0.5260
7.1950,-0.5290
7.2000,-0.5320
7.2050,-0.5350
7.2100,-0.5380
7.2150,-0.5410
7.2200,-0.5430
7.2250,-0.5460
7.2300,-0.5480
7.2350,-0.5500
7.2400,-0.5510
7.2450,-0.5530
7.2500,-0.5540
7.2550,-0.5550
7.2600,-0.5560
7.2650,-0.5560
7.2700,-0.5570
7.2750,-0.5570
7.2800,-0.5570
7.2850,-0.5570
7.2900,-0.5570
7.2950,-0.5570
7.3000,-0.5570
7.3050,-0.5570
7.3100,-0.5570
7.3150,-0.5570
7.3200,-0.5580
7.3250,-0.5590
7.3300,-0.5600
7.3350,-0.5610
7.3400,-0.5620
7.3450,-0.5640
7.3500,-0.5660
7.3550,-0.5690
7.3600,-0.5720
7.3650,-0.5750
7.3700,-0.5790
7.3750,-0.5820
7.3800,-0.5860
7.3850,-0.5910
7.3900,-0.5950
7.3950,-0.6000
7.4000,-0.6040
7.4050,-0.6090
7.4100,-0.6140
7.4150,-0.6190
7.4200,-0.6240
7.4250,-0.6280
7.4300,-0.6330
7.4350,-0.6380
7.4400,-0.6420
7.4450,-0.6460
7.4500,-0.6500
7.4550,-0.6540
7.4600,-0.6580
7.4650,-0.6610
7.4700,-0.6650
7.4750,-0.6680
7.4800,-0.6710
7.4850,-0.6740
7.4900,-0.6780
7.4950,-0.6810
7.5000,-0.6840
7.5050,-0.6870
7.5100,-0.6910
7.5150,-0.6940
7.5200,-0.6980
7.5250,-0.7020
7.5300,-0.7070
7.5350,-0.7120
7.5400,-0.7170
7.5450,-0.7230
7.5500,-0.7290
7.5550,-0.7350
7.5600,-0.7420
7.5650,-0.7500
7.5700,-0.7570
7.5750,-0.7660
7.5800,-0.7740
7.5850,-0.7840
7.5900,-0.7930
7.5950,-0.8030
7.6000,-0.8130
7.6050,-0.8230
7.6100,-0.8340
7.6150,-0.8450
7.6200,-0.8560
7.6250,-0.8670
7.6300,-0.8780
7.6350,-0.8890
7.6400,-0.9000
7.6450,-0.9120
7.6500,-0.9230
7.6550,-0.9350
7.6600,-0.9460
7.6650,-0.9580
7.6700,-0.9700
7.6750,-0.9820
7.6800,-0.9940
7.6850,-1.0060
7.6900,-1.0190
7.6950,-1.0320
7.7000,-1.0460
7.7050,-1.0600
7.7100,-1.0750
7.7150,-1.0910
7.7200,-1.1070
7.7250,-1.1240
7.7300,-1.1420
7.7350,-1.1610
7.7400,-1.1810
7.7450,-1.2020
7.7500,-1.2250
7.7550,-1.2480
7.7600,-1.2720
7.7650,-1.2980
7.7700,-1.3240
7.7750,-1.3510
7.7800,-1.3790
7.7850,-1.4080
7.7900,-1.4370
7.7950,-1.4660
7.8000,-1.4960
7.8050,-1.5260
7.8100,-1.5550
7.8150,-1.5840
7.8200,-1.6120
7.8250,-1.6390
7.8300,-1.6650
7.8350,-1.6890
7.8400,-1.7110
7.8450,-1.7310
7.8500,-1.7480
7.8550,-1.7630
7.8600,-1.7750
7.8650,-1.7830
7.8700,-1.7880
7.8750,-1.7900
7.8800,-1.7880
7.8850,-1.7820
7.8900,-1.7730
7.8950,-1.7590
7.9000,-1.7420
7.9050,-1.7220
7.9100,-1.6980
7.9150,-1.6710
7.9200,-1.6420
7.9250,-1.6090
7.9300,-1.5740
7.9350,-1.5370
7.9400,-1.4980
7.9450,-1.4580
7.9500,-1.4160
7.9550,-1.3740
7.9600,-1.3320
7.9650,-1.2890
7.9700,-1.2460
7.9750,-1.2040
7.9800,-1.1630
7.9850,-1.1230
7.9900,-1.0840
7.9950,-1.0460
8.0000,-1.0100
8.0050,-0.9760
8.0100,-0.9440
8.0150,-0.9140
8.0200,-0.8870
8.0250,-0.8610
8.0300,-0.8380
8.0350,-0.8170
8.0400,-0.7980
8.0450,-0.7810
8.0500,-0.7670
8.0550,-0.7550
8.0600,-0.7450
8.0650,-0.7370
8.0700,-0.7300
8.0750,-0.7260
8.0800,-0.7230
8.0850,-0.7210
8.0900,-0.7210
8.0950,-0.7220
8.1000,-0.7240
8.1050,-0.7270
8.1100,-0.7300
8.1150,-0.7340
8.1200,-0.7390
8.1250,-0.7440
8.1300,-0.7500
8.1350,-0.7550
8.1400,-0.7610
8.1450,-0.7670
8.1500,-0.7720
8.1550,-0.7780
8.1600,-0.7830
8.1650,-0.7890
8.1700,-0.7940
8.1750,-0.8000
8.1800,-0.8050
8.1850,-0.8100
8.1900,-0.8150
8.1950,-0.8210
8.2000,-0.8260
8.2050,-0.8320
8.2100,-0.8380
8.2150,-0.8440
8.2200,-0.8510
8.2250,-0.8580
8.2300,-0.8660
8.2350,-0.8740
8.2400,-0.8830
8.2450,-0.8930
8.2500,-0.9030
8.2550,-0.9140
8.2600,-0.9250
8.2650,-0.9380
8.2700,-0.9510
8.2750,-0.9640
8.2800,-0.9790
8.2850,-0.9940
8.2900,-1.0090
8.2950,-1.0250
8.3000,-1.0410
8.3050,-1.0580
8.3100,-1.0750
8.3150,-1.0930
8.3200,-1.1100
8.3250,-1.1280
8.3300,-1.1460
8.3350,-1.1630
8.3400,-1.1810
8.3450,-1.1990
8.3500,-1.2160
8.3550,-1.2330
8.3600,-1.2500
8.3650,-1.2670
8.3700,-1.2840
8.3750,-1.3000
8.3800,-1.3160
8.3850,-1.3330
8.3900,-1.3480
8.3950,-1.3640
8.4000,-1.3800
8.4050,-1.3960
8.4100,-1.4120
8.4150,-1.4290
8.4200,-1.4450
8.4250,-1.4620
8.4300,-1.4790
8.4350,-1.4970
8.4400,-1.5150
8.4450,-1.5330
8.4500,-1.5530
8.4550,-1.5730
8.4600,-1.5940
8.4650,-1.6150
8.4700,-1.6370
8.4750,-1.6600
8.4800,-1.6840
8.4850,-1.7080
8.4900,-1.7340
8.4950,-1.7590
8.5000,-1.7860
8.5050,-1.8130
8.5100,-1.8410
8.5150,-1.8690
8.5200,-1.8970
8.5250,-1.9260
8.5300,-1.9550
8.5350,-1.9840
8.5400,-2.0140
8.5450,-2.0430
8.5500,-2.0720
8.5550,-2.1010
8.5600,-2.1300
8.5650,-2.1590
8.5700,-2.1870
8.5750,-2.2160
8.5800,-2.2440
8.5850,-2.2710
8.5900,-2.2980
8.5950,-2.3260
8.6000,-2.3520
8.6050,-2.3790
8.6100,-2.4060
8.6150,-2.4320
8.6200,-2.4580
8.6250,-2.4850
8.6300,-2.5120
8.6350,-2.5390
8.6400,-2.5660
8.6450,-2.5940
8.6500,-2.6220
8.6550,-2.6510
8.6600,-2.6800
8.6650,-2.7100
8.6700,-2.7410
8.6750,-2.7730
8.6800,-2.8050
8.6850,-2.8390
8.6900,-2.8730
8.6950,-2.9080
8.7000,-2.9440
8.7050,-2.9810
8.7100,-3.0180
8.7150,-3.0560
8.7200,-3.0950
8.7250,-3.1340
8.7300,-3.1730
8.7350,-3.2130
8.7400,-3.2530
8.7450,-3.2930
8.7500,-3.3330
8.7550,-3.3730
8.7600,-3.4120
8.7650,-3.4510
8.7700,-3.4900
8.7750,-3.5280
8.7800,-3.5660
8.7850,-3.6030
8.7900,-3.6390
8.7950,-3.6750
8.8000,-3.7090
8.8050,-3.7440
8.8100,-3.7770
8.8150,-3.8110
8.8200,-3.8430
8.8250,-3.8760
8.8300,-3.9080
8.8350,-3.9400
8.8400,-3.9720
8.8450,-4.0040
8.8500,-4.0370
8.8550,-4.0710
8.8600,-4.1050
8.8650,-4.1400
8.8700,-4.1760
8.8750,-4.2130
8.8800,-4.2510
8.8850,-4.2910
8.8900,-4.3320
8.8950,-4.3750
8.9000,-4.4200
8.9050,-4.4660
8.9100,-4.5150
8.9150,-4.5640
8.9200,-4.6160
8.9250,-4.6690
8.9300,-4.7240
8.9350,-4.7810
8.9400,-4.8390
8.9450,-4.8980
8.9500,-4.9590
8.9550,-5.0210
8.9600,-5.0840
8.9650,-5.1480
8.9700,-5.2130
8.9750,-5.2780
8.9800,-5.3450
8.9850,-5.4120
8.9900,-5.4790
8.9950,-5.5480
9.0000,-5.6170
9.0050,-5.6870
9.0100,-5.7580
9.0150,-5.8300
9.0200,-5.9040
9.0250,-5.9800
9.0300,-6.0580
9.0350,-6.1380
9.0400,-6.2220
9.0450,-6.3100
9.0500,-6.4020
9.0550,-6.4990
9.0600,-6.6020
9.0650,-6.7110
9.0700,-6.8280
9.0750,-6.9530
9.0800,-7.0880
9.0850,-7.2320
9.0900,-7.3890
9.0950,-7.5580
9.1000,-7.7410
9.1050,-7.9390
9.1100,-8.1540
9.1150,-8.3870
9.1200,-8.6410
9.1250,-8.9160
9.1300,-9.2160
9.1350,-9.5430
9.1400,-9.8990
9.1450,-10.2890
9.1500,-10.7150
9.1550,-11.1810
9.1600,-11.6940
9.1650,-12.2590
9.1700,-12.8850
9.1750,-13.5790
9.1800,-14.3550
9.1850,-15.2260
9.1900,-16.2110
9.1950,-17.3340
9.2000,-18.6240
9.2050,-20.1100
9.2100,-21.8090
9.2150,-23.6550
9.2200,-25.3090
9.2250,-25.9610
9.2300,-25.0740
9.2350,-23.2880
9.2400,-21.3710
9.2450,-19.6170
9.2500,-18.0760
9.2550,-16.7290
9.2600,-15.5450
9.2650,-14.4960
9.2700,-13.5600
9.2750,-12.7180
9.2800,-11.9560
9.2850,-11.2630
9.2900,-10.6290
9.2950,-10.0480
9.3000,-9.5130
9.3050,-9.0200
9.3100,-8.5640
9.3150,-8.1420
9.3200,-7.7500
9.3250,-7.3870
9.3300,-7.0490
9.3350,-6.7350
9.3400,-6.4440
9.3450,-6.1730
9.3500,-5.9210
9.3550,-5.6870
9.3600,-5.4700
9.3650,-5.2690
9.3700,-5.0820
9.3750,-4.9090
9.3800,-4.7490
9.3850,-4.6010
9.3900,-4.4640
9.3950,-4.3390
9.4000,-4.2230
9.4050,-4.1170
9.4100,-4.0190
9.4150,-3.9290
9.4200,-3.8470
9.4250,-3.7720
9.4300,-3.7030
9.4350,-3.6400
9.4400,-3.5830
9.4450,-3.5300
9.4500,-3.4820
9.4550,-3.4370
9.4600,-3.3960
9.4650,-3.3580
9.4700,-3.3220
9.4750,-3.2890
9.4800,-3.2570
9.4850,-3.2270
9.4900,-3.1990
9.4950,-3.1710
9.5000,-3.1440
9.5050,-3.1180
9.5100,-3.0920
9.5150,-3.0670
9.5200,-3.0420
9.5250,-3.0170
9.5300,-2.9930
9.5350,-2.9680
9.5400,-2.9440
9.5450,-2.9210
9.5500,-2.8970
9.5550,-2.8740
9.5600,-2.8520
9.5650,-2.8300
9.5700,-2.8080
9.5750,-2.7880
9.5800,-2.7680
9.5850,-2.7500
9.5900,-2.7320
9.5950,-2.7160
9.6000,-2.7010
9.6050,-2.6860
9.6100,-2.6740
9.6150,-2.6620
9.6200,-2.6520
9.6250,-2.6430
9.6300,-2.6350
9.6350,-2.6290
9.6400,-2.6230
9.6450,-2.6190
9.6500,-2.6160
9.6550,-2.6130
9.6600,-2.6110
9.6650,-2.6100
9.6700,-2.6100
9.6750,-2.6100
9.6800,-2.6100
9.6850,-2.6110
9.6900,-2.6120
9.6950,-2.6120
9.7000,-2.6130
9.7050,-2.6130
9.7100,-2.6140
9.7150,-2.6130
9.7200,-2.6130
9.7250,-2.6120
9.7300,-2.6110
9.7350,-2.6090
9.7400,-2.6060
9.7450,-2.6040
9.7500,-2.6010
9.7550,-2.5970
9.7600,-2.5930
9.7650,-2.5890
9.7700,-2.5850
9.7750,-2.5810
9.7800,-2.5770
9.7850,-2.5730
9.7900,-2.5690
9.7950,-2.5650
9.8000,-2.5610
9.8050,-2.5580
9.8100,-2.5560
9.8150,-2.5540
9.8200,-2.5520
9.8250,-2.5510
9.8300,-2.5510
9.8350,-2.5510
9.8400,-2.5520
9.8450,-2.5540
9.8500,-2.5560
9.8550,-2.5590
9.8600,-2.5620
9.8650,-2.5660
9.8700,-2.5700
9.8750,-2.5750
9.8800,-2.5800
9.8850,-2.5850
9.8900,-2.5900
9.8950,-2.5960
9.9000,-2.6010
9.9050,-2.6060
9.9100,-2.6120
9.9150,-2.6160
9.9200,-2.6210
9.9250,-2.6250
9.9300,-2.6290
9.9350,-2.6330
9.9400,-2.6360
9.9450,-2.6380
9.9500,-2.6400
9.9550,-2.6420
9.9600,-2.6430
9.9650,-2.6440
9.9700,-2.6440
9.9750,-2.6440
9.9800,-2.6440
9.9850,-2.6440
9.9900,-2.6430
9.9950,-2.6420
10.0000,-2.6420
10.0050,-2.6410
10.0100,-2.6400
10.0150,-2.6400
10.0200,-2.6400
10.0250,-2.6390
10.0300,-2.6400
10.0350,-2.6400
10.0400,-2.6410
10.0450,-2.6420
10.0500,-2.6440
10.0550,-2.6460
10.0600,-2.6480
10.0650,-2.6500
10.0700,-2.6530
10.0750,-2.6560
10.0800,-2.6590
10.0850,-2.6630
10.0900,-2.6660
10.0950,-2.6690
10.1000,-2.6720
10.1050,-2.6750
10.1100,-2.6780
10.1150,-2.6810
10.1200,-2.6830
10.1250,-2.6850
10.1300,-2.6860
10.1350,-2.6870
10.1400,-2.6870
10.1450,-2.6870
10.1500,-2.6860
10.1550,-2.6840
10.1600,-2.6820
10.1650,-2.6790
10.1700,-2.6760
10.1750,-2.6720
10.1800,-2.6670
10.1850,-2.6630
10.1900,-2.6570
10.1950,-2.6510
10.2000,-2.6450
10.2050,-2.6390
10.2100,-2.6320
10.2150,-2.6250
10.2200,-2.6180
10.2250,-2.6110
10.2300,-2.6040
10.2350,-2.5970
10.2400,-2.5900
10.2450,-2.5830
10.2500,-2.5760
10.2550,-2.5690
10.2600,-2.5620
10.2650,-2.5560
10.2700,-2.5490
10.2750,-2.5430
10.2800,-2.5360
10.2850,-2.5300
10.2900,-2.5240
10.2950,-2.5170
10.3000,-2.5110
10.3050,-2.5040
10.3100,-2.4980
10.3150,-2.4910
10.3200,-2.4840
10.3250,-2.4760
10.3300,-2.4680
10.3350,-2.4600
10.3400,-2.4520
10.3450,-2.4430
10.3500,-2.4340
10.3550,-2.4250
10.3600,-2.4150
10.3650,-2.4050
10.3700,-2.3950
10.3750,-2.3850
10.3800,-2.3740
10.3850,-2.3640
10.3900,-2.3530
10.3950,-2.3430
10.4000,-2.3330
10.4050,-2.3230
10.4100,-2.3130
10.4150,-2.3040
10.4200,-2.2960
10.4250,-2.2880
10.4300,-2.2810
10.4350,-2.2750
10.4400,-2.2690
10.4450,-2.2650
10.4500,-2.2620
10.4550,-2.2600
10.4600,-2.2590
10.4650,-2.2600
10.4700,-2.2620
10.4750,-2.2650
10.4800,-2.2700
10.4850,-2.2760
10.4900,-2.2830
10.4950,-2.2930
10.5000,-2.3030
10.5050,-2.3150
10.5100,-2.3290
10.5150,-2.3440
10.5200,-2.3610
10.5250,-2.3800
10.5300,-2.4000
10.5350,-2.4220
10.5400,-2.4460
10.5450,-2.4710
10.5500,-2.4980
10.5550,-2.5270
10.5600,-2.5580
10.5650,-2.5920
10.5700,-2.6270
10.5750,-2.6650
10.5800,-2.7050
10.5850,-2.7480
10.5900,-2.7940
10.5950,-2.8420
10.6000,-2.8940
10.6050,-2.9500
10.6100,-3.0090
10.6150,-3.0720
10.6200,-3.1390
10.6250,-3.2100
10.6300,-3.2860
10.6350,-3.3670
10.6400,-3.4540
10.6450,-3.5460
10.6500,-3.6430
10.6550,-3.7470
10.6600,-3.8570
10.6650,-3.9730
10.6700,-4.0960
10.6750,-4.2270
10.6800,-4.3640
10.6850,-4.5090
10.6900,-4.6610
10.6950,-4.8210
10.7000,-4.9880
10.7050,-5.1630
10.7100,-5.3450
10.7150,-5.5340
10.7200,-5.7300
10.7250,-5.9320
10.7300,-6.1400
10.7350,-6.3520
10.7400,-6.5680
10.7450,-6.7870
10.7500,-7.0060
10.7550,-7.2240
10.7600,-7.4390
10.7650,-7.6480
10.7700,-7.8490
10.7750,-8.0380
10.7800,-8.2140
10.7850,-8.3710
10.7900,-8.5080
10.7950,-8.6200
10.8000,-8.7070
10.8050,-8.7650
10.8100,-8.7930
10.8150,-8.7920
10.8200,-8.7600
10.8250,-8.6990
10.8300,-8.6120
10.8350,-8.5000
10.8400,-8.3670
10.8450,-8.2150
10.8500,-8.0470
10.8550,-7.8670
10.8600,-7.6780
10.8650,-7.4810
10.8700,-7.2810
10.8750,-7.0780
10.8800,-6.8750
10.8850,-6.6740
10.8900,-6.4740
10.8950,-6.2790
10.9000,-6.0870
10.9050,-5.9010
10.9100,-5.7200
10.9150,-5.5450
10.9200,-5.3770
10.9250,-5.2140
10.9300,-5.0570
10.9350,-4.9070
10.9400,-4.7630
10.9450,-4.6250
10.9500,-4.4930
10.9550,-4.3660
10.9600,-4.2450
10.9650,-4.1290
10.9700,-4.0180
10.9750,-3.9110
10.9800,-3.8090
10.9850,-3.7110
10.9900,-3.6170
10.9950,-3.5270
11.0000,-3.4400
11.0050,-3.3570
11.0100,-3.2760
11.0150,-3.1980
11.0200,-3.1230
11.0250,-3.0510
11.0300,-2.9800
11.0350,-2.9120
11.0400,-2.8460
11.0450,-2.7810
11.0500,-2.7190
11.0550,-2.6590
11.0600,-2.6000
11.0650,-2.5430
11.0700,-2.4870
11.0750,-2.4330
11.0800,-2.3810
11.0850,-2.3310
11.0900,-2.2820
11.0950,-2.2340
11.1000,-2.1890
11.1050,-2.1450
11.1100,-2.1020
11.1150,-2.0610
11.1200,-2.0220
11.1250,-1.9850
11.1300,-1.9490
11.1350,-1.9140
11.1400,-1.8810
11.1450,-1.8500
11.1500,-1.8200
11.1550,-1.7920
11.1600,-1.7640
11.1650,-1.7390
11.1700,-1.7140
11.1750,-1.6910
11.1800,-1.6680
11.1850,-1.6470
11.1900,-1.6260
11.1950,-1.6070
11.2000,-1.5880
11.2050,-1.5700
11.2100,-1.5520
11.2150,-1.5350
11.2200,-1.5190
11.2250,-1.5020
11.2300,-1.4860
11.2350,-1.4710
11.2400,-1.4550
11.2450,-1.4400
11.2500,-1.4250
11.2550,-1.4100
11.2600,-1.3950
11.2650,-1.3800
11.2700,-1.3650
11.2750,-1.3510
11.2800,-1.3360
11.2850,-1.3220
11.2900,-1.3080
11.2950,-1.2950
11.3000,-1.2810
11.3050,-1.2680
11.3100,-1.2560
11.3150,-1.2440
11.3200,-1.2320
11.3250,-1.2210
11.3300,-1.2110
11.3350,-1.2010
11.3400,-1.1920
11.3450,-1.1830
11.3500,-1.1750
11.3550,-1.1680
11.3600,-1.1610
11.3650,-1.1550
11.3700,-1.1500
11.3750,-1.1450
11.3800,-1.1410
11.3850,-1.1370
11.3900,-1.1340
11.3950,-1.1320
11.4000,-1.1290
11.4050,-1.1280
11.4100,-1.1260
11.4150,-1.1250
11.4200,-1.1230
11.4250,-1.1220
11.4300,-1.1210
11.4350,-1.1200
11.4400,-1.1190
11.4450,-1.1180
11.4500,-1.1160
11.4550,-1.1150
11.4600,-1.1130
11.4650,-1.1110
11.4700,-1.1090
11.4750,-1.1070
11.4800,-1.1050
11.4850,-1.1020
11.4900,-1.1000
11.4950,-1.0970
11.5000,-1.0940
11.5050,-1.0920
11.5100,-1.0890
11.5150,-1.0860
11.5200,-1.0840
11.5250,-1.0820
11.5300,-1.0800
11.5350,-1.0780
11.5400,-1.0770
11.5450,-1.0760
11.5500,-1.0760
11.5550,-1.0760
11.5600,-1.0760
11.5650,-1.0770
11.5700,-1.0790
11.5750,-1.0810
11.5800,-1.0830
11.5850,-1.0860
11.5900,-1.0900
11.5950,-1.0940
11.6000,-1.0980
11.6050,-1.1030
11.6100,-1.1080
11.6150,-1.1130
11.6200,-1.1190
11.6250,-1.1250
11.6300,-1.1310
11.6350,-1.1360
11.6400,-1.1420
11.6450,-1.1480
11.6500,-1.1540
11.6550,-1.1600
11.6600,-1.1650
11.6650,-1.1700
11.6700,-1.1750
11.6750,-1.1800
11.6800,-1.1840
11.6850,-1.1890
11.6900,-1.1920
11.6950,-1.1960
11.7000,-1.2000
11.7050,-1.2030
11.7100,-1.2060
11.7150,-1.2090
11.7200,-1.2120
11.7250,-1.2150
11.7300,-1.2180
11.7350,-1.2220
11.7400,-1.2250
11.7450,-1.2290
11.7500,-1.2330
11.7550,-1.2370
11.7600,-1.2420
11.7650,-1.2470
11.7700,-1.2520
11.7750,-1.2580
11.7800,-1.2650
11.7850,-1.2720
11.7900,-1.2790
11.7950,-1.2870
11.8000,-1.2960
11.8050,-1.3050
11.8100,-1.3150
11.8150,-1.3250
11.8200,-1.3350
11.8250,-1.3450
11.8300,-1.3560
11.8350,-1.3670
11.8400,-1.3790
11.8450,-1.3900
11.8500,-1.4010
11.8550,-1.4130
11.8600,-1.4240
11.8650,-1.4350
11.8700,-1.4460
11.8750,-1.4560
11.8800,-1.4670
11.8850,-1.4770
11.8900,-1.4870
11.8950,-1.4960
11.9000,-1.5050
11.9050,-1.5140
11.9100,-1.5230
11.9150,-1.5310
11.9200,-1.5390
11.9250,-1.5470
11.9300,-1.5550
11.9350,-1.5630
11.9400,-1.5700
11.9450,-1.5780
11.9500,-1.5860
11.9550,-1.5940
11.9600,-1.6020
11.9650,-1.6110
11.9700,-1.6200
11.9750,-1.6300
11.9800,-1.6400
11.9850,-1.6500
11.9900,-1.6610
11.9950,-1.6720
12.0000,-1.6840
12.0050,-1.6970
12.0100,-1.7100
12.0150,-1.7240
12.0200,-1.7380
12.0250,-1.7530
12.0300,-1.7680
12.0350,-1.7830
12.0400,-1.7990
12.0450,-1.8150
12.0500,-1.8310
12.0550,-1.8480
12.0600,-1.8640
12.0650,-1.8810
12.0700,-1.8970
12.0750,-1.9130
12.0800,-1.9290
12.0850,-1.9450
12.0900,-1.9600
12.0950,-1.9760
12.1000,-1.9900
12.1050,-2.0040
12.1100,-2.0180
12.1150,-2.0320
12.1200,-2.0450
12.1250,-2.0570
12.1300,-2.0700
12.1350,-2.0820
12.1400,-2.0940
12.1450,-2.1050
12.1500,-2.1160
12.1550,-2.1280
12.1600,-2.1390
12.1650,-2.1510
12.1700,-2.1620
12.1750,-2.1740
12.1800,-2.1860
12.1850,-2.1990
12.1900,-2.2120
12.1950,-2.2250
12.2000,-2.2390
12.2050,-2.2530
12.2100,-2.2680
12.2150,-2.2840
12.2200,-2.3000
12.2250,-2.3170
12.2300,-2.3340
12.2350,-2.3520
12.2400,-2.3700
12.2450,-2.3890
12.2500,-2.4070
12.2550,-2.4270
12.2600,-2.4460
12.2650,-2.4660
12.2700,-2.4850
12.2750,-2.5050
12.2800,-2.5240
12.2850,-2.5430
12.2900,-2.5620
12.2950,-2.5800
12.3000,-2.5980
12.3050,-2.6160
12.3100,-2.6320
12.3150,-2.6490
12.3200,-2.6640
12.3250,-2.6790
12.3300,-2.6940
12.3350,-2.7070
12.3400,-2.7210
12.3450,-2.7330
12.3500,-2.7450
12.3550,-2.7570
12.3600,-2.7690
12.3650,-2.7800
12.3700,-2.7900
12.3750,-2.8010
12.3800,-2.8120
12.3850,-2.8230
12.3900,-2.8340
12.3950,-2.8450
12.4000,-2.8560
12.4050,-2.8680
12.4100,-2.8800
12.4150,-2.8930
12.4200,-2.9060
12.4250,-2.9200
12.4300,-2.9340
12.4350,-2.9490
12.4400,-2.9640
12.4450,-2.9800
12.4500,-2.9970
12.4550,-3.0130
12.4600,-3.0300
12.4650,-3.0480
12.4700,-3.0650
12.4750,-3.0830
12.4800,-3.1000
12.4850,-3.1170
12.4900,-3.1350
12.4950,-3.1510
12.5000,-3.1680
12.5050,-3.1840
12.5100,-3.1990
12.5150,-3.2130
12.5200,-3.2270
12.5250,-3.2400
12.5300,-3.2520
12.5350,-3.2640
12.5400,-3.2740
12.5450,-3.2840
12.5500,-3.2930
12.5550,-3.3010
12.5600,-3.3080
12.5650,-3.3150
12.5700,-3.3210
12.5750,-3.3270
12.5800,-3.3320
12.5850,-3.3370
12.5900,-3.3420
12.5950,-3.3470
12.6000,-3.3520
12.6050,-3.3560
12.6100,-3.3620
12.6150,-3.3670
12.6200,-3.3730
12.6250,-3.3800
12.6300,-3.3870
12.6350,-3.3950
12.6400,-3.4030
12.6450,-3.4120
12.6500,-3.4220
12.6550,-3.4320
12.6600,-3.4430
12.6650,-3.4540
12.6700,-3.4660
12.6750,-3.4780
12.6800,-3.4910
12.6850,-3.5040
12.6900,-3.5170
12.6950,-3.5300
12.7000,-3.5430
12.7050,-3.5560
12.7100,-3.5680
12.7150,-3.5810
12.7200,-3.5920
12.7250,-3.6030
12.7300,-3.6130
12.7350,-3.6230
12.7400,-3.6320
12.7450,-3.6390
12.7500,-3.6460
12.7550,-3.6530
12.7600,-3.6580
12.7650,-3.6620
12.7700,-3.6660
12.7750,-3.6690
12.7800,-3.6720
12.7850,-3.6730
12.7900,-3.6750
12.7950,-3.6760
12.8000,-3.6770
12.8050,-3.6780
12.8100,-3.6790
12.8150,-3.6810
12.8200,-3.6820
12.8250,-3.6840
12.8300,-3.6870
12.8350,-3.6900
12.8400,-3.6940
12.8450,-3.6990
12.8500,-3.7050
12.8550,-3.7120
12.8600,-3.7190
12.8650,-3.7280
12.8700,-3.7370
12.8750,-3.7480
12.8800,-3.7590
12.8850,-3.7710
12.8900,-3.7840
12.8950,-3.7980
12.9000,-3.8120
12.9050,-3.8260
12.9100,-3.8410
12.9150,-3.8560
12.9200,-3.8710
12.9250,-3.8860
12.9300,-3.9010
12.9350,-3.9160
12.9400,-3.9300
12.9450,-3.9430
12.9500,-3.9560
12.9550,-3.9690
12.9600,-3.9800
12.9650,-3.9910
12.9700,-4.0010
12.9750,-4.0110
12.9800,-4.0190
12.9850,-4.0270
12.9900,-4.0340
12.9950,-4.0410
13.0000,-4.0470
